<application>
  <component name="WebServers">
    <option name="servers">
      <webServer id="daf2ea4f-7a9a-4633-9d99-287fe620dcdb" name="fox01" url="">
        <fileTransfer rootFolder="/home/kva578/assignments/" accessType="SFTP" host="10.100.240.201" port="22" sshConfigId="5e9e728b-4d05-4d26-b153-c1d1d147946b" sshConfig="fox01" keyPair="true">
          <advancedOptions>
            <advancedOptions dataProtectionLevel="Private" keepAliveTimeout="200000" passiveMode="true" shareSSLContext="true" />
          </advancedOptions>
        </fileTransfer>
      </webServer>
    </option>
  </component>
</application>